user,key,keyEvent,Time
rakshith,13,Up,126960187
rakshith,104,Down,126961796
rakshith,104,Up,126961906
rakshith,101,Down,126962031
rakshith,101,Up,126962125
rakshith,108,Down,126962437
rakshith,108,Up,126962578
rakshith,111,Down,126962875
rakshith,111,Up,126962937
rakshith,111,Down,126963015
rakshith,111,Up,126963093
rakshith,32,Down,126968531
rakshith,32,Up,126968625
rakshith,109,Down,126968750
rakshith,109,Up,126968828
rakshith,121,Down,126969046
rakshith,121,Up,126969125
rakshith,32,Down,126969453
rakshith,32,Up,126969578
rakshith,27,Down,126972218
urvi,13,Up,130103843
urvi,0,Down,130105703
urvi,0,Up,130105796
urvi,65,Down,130106281
urvi,65,Up,130106359
urvi,65,Down,130107125
urvi,65,Up,130107218
urvi,0,Down,130107796
urvi,0,Up,130107890
urvi,97,Down,130108500
urvi,97,Up,130108625
urvi,97,Down,130109140
urvi,97,Up,130109250
urvi,49,Down,130110093
urvi,49,Up,130110203
urvi,50,Down,130110468
urvi,50,Up,130110562
urvi,51,Down,130110859
urvi,51,Up,130110968
urvi,27,Down,130112296
aditya,13,Up,130298625
aditya,104,Down,130300312
aditya,104,Up,130300390
aditya,101,Down,130300500
aditya,101,Up,130300609
aditya,108,Down,130300718
aditya,108,Up,130300828
aditya,108,Down,130300859
aditya,108,Up,130300984
aditya,111,Down,130301484
aditya,111,Up,130301609
aditya,32,Down,130306890
aditya,32,Up,130307000
aditya,109,Down,130308046
aditya,109,Up,130308156
aditya,121,Down,130308421
aditya,121,Up,130308500
aditya,110,Down,130312078
aditya,110,Up,130312187
aditya,97,Down,130312265
aditya,97,Up,130312375
aditya,109,Down,130312406
aditya,109,Up,130312500
aditya,101,Down,130312609
aditya,101,Up,130312734
aditya,32,Down,130316484
aditya,32,Up,130316578
aditya,105,Down,130316656
aditya,105,Up,130316718
aditya,115,Down,130316750
aditya,115,Up,130316843
aditya,32,Down,130317015
aditya,32,Up,130317093
aditya,97,Down,130317390
aditya,97,Up,130317531
aditya,100,Down,130317625
aditya,100,Up,130317703
aditya,105,Down,130317718
aditya,105,Up,130317812
aditya,116,Down,130318015
aditya,116,Up,130318093
aditya,121,Down,130318187
aditya,121,Up,130318250
aditya,97,Down,130318312
aditya,97,Up,130318437
aditya,27,Down,130322546
aditya,13,Up,130345484
aditya,0,Down,130347484
aditya,0,Up,130347562
aditya,65,Down,130348640
aditya,65,Up,130348750
aditya,0,Down,130350406
aditya,0,Up,130350500
aditya,32,Down,130350937
aditya,32,Up,130351062
aditya,99,Down,130355187
aditya,99,Up,130355296
aditya,111,Down,130355828
aditya,111,Up,130355953
aditya,119,Down,130356062
aditya,119,Up,130356203
aditya,32,Down,130357515
aditya,32,Up,130357609
aditya,119,Down,130357703
aditya,119,Up,130357812
aditya,97,Down,130358015
aditya,97,Up,130358187
aditya,115,Down,130358562
aditya,115,Up,130358687
aditya,32,Down,130362609
aditya,32,Up,130362687
aditya,100,Down,130364093
aditya,100,Up,130364187
aditya,111,Down,130364234
aditya,111,Up,130364343
aditya,105,Down,130364484
aditya,105,Up,130364593
aditya,110,Down,130364703
aditya,110,Up,130364812
aditya,103,Down,130364921
aditya,103,Up,130365000
aditya,32,Down,130365140
aditya,32,Up,130365250
aditya,115,Down,130365625
aditya,115,Up,130365703
aditya,104,Down,130365750
aditya,104,Up,130365843
aditya,105,Down,130365921
aditya,105,Up,130366031
aditya,116,Down,130366140
aditya,116,Up,130366234
aditya,27,Down,130367921
aditya,13,Up,130437437
aditya,57,Down,130439750
aditya,57,Up,130439890
aditya,56,Down,130440234
aditya,56,Up,130440343
aditya,57,Down,130440468
aditya,57,Up,130440593
aditya,56,Down,130440781
aditya,56,Up,130440890
aditya,49,Down,130441406
aditya,49,Up,130441515
aditya,50,Down,130441703
aditya,50,Up,130441796
aditya,51,Down,130442015
aditya,51,Up,130442093
aditya,52,Down,130442328
aditya,52,Up,130442421
aditya,53,Down,130442625
aditya,53,Up,130442734
aditya,54,Down,130443046
aditya,54,Up,130443171
aditya,27,Down,130443750
aditya,13,Up,130463562
aditya,0,Down,130464703
aditya,0,Up,130464765
aditya,65,Down,130464953
aditya,65,Up,130465015
aditya,0,Down,130466500
aditya,0,Up,130466625
aditya,65,Down,130467343
aditya,65,Up,130467406
aditya,65,Down,130467625
aditya,65,Up,130467718
aditya,49,Down,130472484
aditya,49,Up,130472593
aditya,50,Down,130472734
aditya,50,Up,130472828
aditya,51,Down,130473000
aditya,51,Up,130473078
aditya,52,Down,130473281
aditya,52,Up,130473359
aditya,53,Down,130473562
aditya,53,Up,130473640
aditya,54,Down,130473843
aditya,54,Up,130473921
aditya,27,Down,130474953
rakshith,13,Up,139983875
rakshith,72,Down,139984843
rakshith,72,Up,139984937
rakshith,69,Down,139985031
rakshith,69,Up,139985093
rakshith,89,Down,139985187
rakshith,89,Up,139985265
rakshith,32,Down,139985640
rakshith,32,Up,139985734
rakshith,72,Down,139986296
rakshith,72,Up,139986375
rakshith,79,Down,139986453
rakshith,79,Up,139986546
rakshith,87,Down,139986609
rakshith,87,Up,139986703
rakshith,32,Down,139986781
rakshith,32,Up,139986875
rakshith,82,Down,139986968
rakshith,82,Up,139987046
rakshith,32,Down,139987093
rakshith,32,Up,139987171
rakshith,85,Down,139987343
rakshith,85,Up,139987437
rakshith,32,Down,139987703
rakshith,32,Up,139987796
rakshith,27,Down,139988718
rakshith,13,Up,140005828
rakshith,49,Down,140008640
rakshith,49,Up,140008765
rakshith,50,Down,140008937
rakshith,50,Up,140009046
rakshith,51,Down,140009250
rakshith,51,Up,140009359
rakshith,52,Down,140009593
rakshith,52,Up,140009687
rakshith,53,Down,140010031
rakshith,53,Up,140010109
rakshith,54,Down,140010515
rakshith,54,Up,140010593
rakshith,32,Down,140011843
rakshith,32,Up,140011937
rakshith,72,Down,140012093
rakshith,72,Up,140012187
rakshith,69,Down,140012281
rakshith,69,Up,140012359
rakshith,76,Down,140012468
rakshith,76,Up,140012531
rakshith,76,Down,140012640
rakshith,76,Up,140012703
rakshith,79,Down,140012859
rakshith,79,Up,140012921
rakshith,32,Down,140014031
rakshith,32,Up,140014125
rakshith,0,Down,140014453
rakshith,0,Up,140014578
rakshith,65,Down,140014781
rakshith,65,Up,140014875
rakshith,65,Down,140015046
rakshith,65,Up,140015125
rakshith,65,Down,140015250
rakshith,65,Up,140015343
rakshith,27,Down,140016046
rakshith,13,Up,140031718
rakshith,65,Down,140032265
rakshith,65,Up,140032390
rakshith,0,Down,140036593
rakshith,0,Up,140036671
rakshith,65,Down,140036890
rakshith,65,Up,140036968
rakshith,0,Down,140044031
rakshith,0,Up,140044187
rakshith,65,Down,140044578
rakshith,65,Up,140044671
rakshith,126,Down,140049812
rakshith,126,Up,140050031
rakshith,27,Down,140050750
rakshith,13,Up,140117125
rakshith,65,Down,140118375
rakshith,65,Up,140118453
rakshith,0,Down,140123171
rakshith,0,Up,140123281
rakshith,65,Down,140123437
rakshith,65,Up,140123531
rakshith,0,Down,140127343
rakshith,0,Up,140127437
rakshith,49,Down,140127890
rakshith,49,Up,140127984
rakshith,50,Down,140128140
rakshith,50,Up,140128218
rakshith,51,Down,140128406
rakshith,51,Up,140128500
rakshith,52,Down,140128687
rakshith,52,Up,140128781
rakshith,27,Down,140129828
rakshith,13,Up,140167234
rakshith,65,Down,140168093
rakshith,65,Up,140168171
rakshith,0,Down,140171093
rakshith,0,Up,140171218
rakshith,65,Down,140171406
rakshith,65,Up,140171468
rakshith,0,Down,140174875
rakshith,0,Up,140174984
rakshith,49,Down,140175593
rakshith,49,Up,140175703
rakshith,50,Down,140175859
rakshith,50,Up,140175953
rakshith,51,Down,140176093
rakshith,51,Up,140176187
rakshith,27,Down,140177140
rakshith,13,Up,140226796
rakshith,0,Down,140229171
rakshith,0,Up,140229312
rakshith,65,Down,140229531
rakshith,65,Up,140229640
rakshith,0,Down,140230703
rakshith,0,Up,140230828
rakshith,65,Down,140230953
rakshith,65,Up,140231062
rakshith,71,Down,140233234
rakshith,71,Up,140233343
rakshith,74,Down,140233734
rakshith,69,Down,140233859
rakshith,74,Up,140233937
rakshith,84,Down,140233953
rakshith,74,Down,140234078
rakshith,84,Up,140234093
rakshith,74,Up,140234187
rakshith,69,Up,140234218
rakshith,71,Down,140234234
rakshith,70,Down,140234250
rakshith,70,Up,140234312
rakshith,71,Up,140234343
rakshith,27,Down,140234812
urvi,13,Up,140255828
urvi,65,Down,140256515
urvi,65,Up,140256609
urvi,27,Down,140274765
urvi,13,Up,140306656
urvi,65,Down,140307984
urvi,65,Up,140308046
urvi,0,Down,140310843
urvi,0,Up,140310968
urvi,0,Down,140312968
urvi,0,Up,140313125
urvi,81,Down,140313625
urvi,81,Up,140313703
urvi,27,Down,140321140
rakshith,13,Up,140360921
rakshith,80,Down,140363046
rakshith,80,Up,140363125
rakshith,79,Down,140363312
rakshith,79,Up,140363406
rakshith,78,Down,140363906
rakshith,78,Up,140364031
rakshith,87,Down,140364390
rakshith,87,Up,140364531
rakshith,74,Down,140365000
rakshith,74,Up,140365140
rakshith,88,Down,140365203
rakshith,88,Up,140365359
rakshith,78,Down,140365421
rakshith,67,Down,140365578
rakshith,78,Up,140365593
rakshith,67,Up,140365765
rakshith,74,Down,140365953
rakshith,74,Up,140366015
rakshith,69,Down,140366046
rakshith,69,Up,140366171
rakshith,66,Down,140366265
rakshith,66,Up,140366390
rakshith,79,Down,140366687
rakshith,87,Down,140366703
rakshith,87,Up,140366875
rakshith,79,Up,140366875
rakshith,78,Down,140367046
rakshith,78,Up,140367140
rakshith,67,Down,140367171
rakshith,67,Up,140367250
rakshith,50,Down,140367781
rakshith,50,Up,140367937
rakshith,57,Down,140368000
rakshith,57,Up,140368125
rakshith,50,Down,140368328
rakshith,51,Down,140368390
rakshith,50,Up,140368468
rakshith,51,Up,140368484
rakshith,55,Down,140368515
rakshith,56,Down,140368546
rakshith,56,Up,140368671
rakshith,55,Up,140368671
rakshith,51,Down,140368718
rakshith,50,Down,140368734
rakshith,52,Down,140368796
rakshith,50,Up,140368843
rakshith,51,Up,140368875
rakshith,56,Down,140368921
rakshith,52,Up,140368937
rakshith,56,Up,140369062
rakshith,50,Down,140369109
rakshith,51,Down,140369140
rakshith,57,Down,140369265
rakshith,52,Down,140369281
rakshith,50,Up,140369281
rakshith,48,Down,140369281
rakshith,51,Up,140369296
rakshith,48,Up,140369390
rakshith,52,Up,140369406
rakshith,57,Up,140369406
rakshith,51,Down,140369468
rakshith,50,Down,140369468
rakshith,57,Down,140369546
rakshith,50,Up,140369546
rakshith,51,Up,140369609
rakshith,57,Up,140369625
rakshith,49,Down,140369843
rakshith,50,Down,140369984
rakshith,49,Up,140370062
rakshith,57,Down,140370078
rakshith,50,Up,140370109
rakshith,51,Down,140370109
rakshith,51,Up,140370234
rakshith,57,Up,140370234
rakshith,49,Down,140370250
rakshith,50,Down,140370296
rakshith,57,Down,140370328
rakshith,49,Up,140370375
rakshith,57,Up,140370375
rakshith,50,Up,140370406
rakshith,49,Down,140370765
rakshith,49,Up,140370921
rakshith,48,Down,140371125
rakshith,48,Up,140371296
rakshith,49,Down,140371406
rakshith,50,Down,140371484
rakshith,49,Up,140371546
rakshith,56,Down,140371609
rakshith,50,Up,140371640
rakshith,51,Down,140371640
rakshith,56,Up,140371703
rakshith,51,Up,140371750
rakshith,85,Down,140371750
rakshith,50,Down,140371812
rakshith,85,Up,140371859
rakshith,48,Down,140371859
rakshith,57,Down,140371875
rakshith,57,Up,140371875
rakshith,48,Up,140371906
rakshith,50,Up,140371921
rakshith,0,Down,140372484
rakshith,0,Up,140372562
rakshith,74,Down,140372906
rakshith,72,Down,140373015
rakshith,74,Up,140373031
rakshith,72,Up,140373062
rakshith,70,Down,140373109
rakshith,83,Down,140373140
rakshith,83,Up,140373171
rakshith,70,Up,140373281
rakshith,74,Down,140373296
rakshith,65,Down,140373328
rakshith,74,Up,140373359
rakshith,83,Down,140373375
rakshith,66,Down,140373390
rakshith,66,Up,140373453
rakshith,65,Up,140373484
rakshith,70,Down,140373484
rakshith,83,Up,140373531
rakshith,66,Down,140373546
rakshith,65,Down,140373609
rakshith,70,Up,140373625
rakshith,66,Up,140373656
rakshith,72,Down,140373656
rakshith,83,Down,140373671
rakshith,66,Down,140373703
rakshith,68,Down,140373703
rakshith,72,Up,140373718
rakshith,65,Up,140373781
rakshith,83,Up,140373781
rakshith,68,Up,140373796
rakshith,66,Up,140373812
rakshith,70,Down,140373812
rakshith,65,Down,140373906
rakshith,68,Down,140373906
rakshith,70,Up,140373906
rakshith,83,Down,140373906
rakshith,66,Down,140373921
rakshith,75,Down,140373921
rakshith,65,Up,140373937
rakshith,75,Up,140373953
rakshith,66,Up,140373953
rakshith,83,Up,140373984
rakshith,68,Up,140373984
rakshith,0,Down,140374250
rakshith,0,Up,140374359
rakshith,68,Down,140374625
rakshith,74,Down,140374671
rakshith,68,Up,140374703
rakshith,87,Down,140374750
rakshith,74,Up,140374750
rakshith,66,Down,140374781
rakshith,87,Up,140374843
rakshith,72,Down,140374859
rakshith,68,Down,140374859
rakshith,66,Up,140374859
rakshith,68,Up,140374875
rakshith,70,Down,140374875
rakshith,70,Up,140374921
rakshith,72,Up,140374937
rakshith,68,Down,140375015
rakshith,70,Down,140375031
rakshith,72,Down,140375031
rakshith,68,Up,140375078
rakshith,70,Up,140375078
rakshith,72,Up,140375093
rakshith,72,Down,140375171
rakshith,74,Down,140375203
rakshith,65,Down,140375250
rakshith,68,Down,140375250
rakshith,83,Down,140375250
rakshith,74,Up,140375250
rakshith,72,Up,140375265
rakshith,65,Up,140375281
rakshith,70,Down,140375312
rakshith,83,Up,140375328
rakshith,70,Up,140375359
rakshith,68,Up,140375375
rakshith,27,Down,140375921
aditya,13,Up,140446343
aditya,72,Down,140448437
aditya,72,Up,140448546
aditya,69,Down,140448718
aditya,69,Up,140448812
aditya,89,Down,140449140
aditya,89,Up,140449250
aditya,32,Down,140449531
aditya,32,Up,140449625
aditya,65,Down,140449718
aditya,65,Up,140449812
aditya,76,Down,140449843
aditya,76,Up,140449906
aditya,76,Down,140450000
aditya,76,Up,140450046
aditya,32,Down,140450265
aditya,32,Up,140450343
aditya,73,Down,140450890
aditya,73,Up,140450984
aditya,32,Down,140451109
aditya,32,Up,140451203
aditya,65,Down,140451250
aditya,65,Up,140451359
aditya,77,Down,140451390
aditya,77,Up,140451484
aditya,32,Down,140451593
aditya,32,Up,140451656
aditya,65,Down,140451734
aditya,65,Up,140451875
aditya,68,Down,140451968
aditya,68,Up,140452031
aditya,73,Down,140452078
aditya,73,Up,140452171
aditya,32,Down,140452718
aditya,32,Up,140452843
aditya,77,Down,140455453
aditya,77,Up,140455562
aditya,69,Down,140455671
aditya,69,Up,140455734
aditya,69,Down,140455828
aditya,69,Up,140455890
aditya,84,Down,140455906
aditya,84,Up,140455984
aditya,32,Down,140456125
aditya,32,Up,140456187
aditya,77,Down,140456421
aditya,77,Up,140456484
aditya,69,Down,140456578
aditya,69,Up,140456656
aditya,32,Down,140456796
aditya,32,Up,140456890
aditya,65,Down,140457328
aditya,65,Up,140457468
aditya,84,Down,140457531
aditya,84,Up,140457640
aditya,32,Down,140458234
aditya,32,Up,140458359
aditya,67,Down,140460484
aditya,67,Up,140460562
aditya,72,Down,140460578
aditya,72,Up,140460656
aditya,73,Down,140460718
aditya,67,Down,140460812
aditya,73,Up,140460812
aditya,67,Up,140460921
aditya,65,Down,140460937
aditya,71,Down,140461015
aditya,65,Up,140461046
aditya,71,Up,140461093
aditya,79,Down,140461234
aditya,79,Up,140461328
aditya,27,Down,140462656
rakshith,13,Up,140558562
rakshith,72,Down,140560062
rakshith,72,Up,140560171
rakshith,69,Down,140560265
rakshith,69,Up,140560328
rakshith,76,Down,140560406
rakshith,76,Up,140560484
rakshith,76,Down,140560562
rakshith,76,Up,140560625
rakshith,79,Down,140560765
rakshith,79,Up,140560828
rakshith,32,Down,140561078
rakshith,32,Up,140561156
rakshith,73,Down,140561359
rakshith,73,Up,140561437
rakshith,32,Down,140561578
rakshith,32,Up,140561656
rakshith,65,Down,140561750
rakshith,65,Up,140561843
rakshith,77,Down,140561921
rakshith,77,Up,140562000
rakshith,32,Down,140562171
rakshith,32,Up,140562250
rakshith,82,Down,140562546
rakshith,82,Up,140562640
rakshith,65,Down,140562781
rakshith,65,Up,140562890
rakshith,75,Down,140562906
rakshith,75,Up,140563000
rakshith,83,Down,140563171
rakshith,83,Up,140563250
rakshith,72,Down,140563312
rakshith,72,Up,140563406
rakshith,73,Down,140563468
rakshith,73,Up,140563578
rakshith,84,Down,140563640
rakshith,84,Up,140563703
rakshith,72,Down,140563781
rakshith,72,Up,140563875
rakshith,32,Down,140564062
rakshith,32,Up,140564140
rakshith,67,Down,140564640
rakshith,67,Up,140564718
rakshith,72,Down,140564750
rakshith,72,Up,140564828
rakshith,85,Down,140564890
rakshith,85,Up,140564968
rakshith,82,Down,140565093
rakshith,82,Up,140565171
rakshith,67,Down,140565359
rakshith,72,Down,140565453
rakshith,67,Up,140565468
rakshith,72,Up,140565546
rakshith,65,Down,140565609
rakshith,65,Up,140565703
rakshith,85,Down,140565906
rakshith,85,Up,140566015
rakshith,78,Down,140566140
rakshith,78,Up,140566218
rakshith,68,Down,140566265
rakshith,68,Up,140566359
rakshith,73,Down,140566437
rakshith,73,Up,140566515
rakshith,32,Down,140566671
rakshith,32,Up,140566734
rakshith,65,Down,140566859
rakshith,65,Up,140566953
rakshith,77,Down,140566953
rakshith,77,Up,140567031
rakshith,65,Down,140567109
rakshith,65,Up,140567218
rakshith,82,Down,140567500
rakshith,82,Up,140567625
rakshith,78,Down,140567843
rakshith,78,Up,140567968
rakshith,65,Down,140567984
rakshith,65,Up,140568062
rakshith,84,Down,140568218
rakshith,84,Up,140568296
rakshith,72,Down,140568406
rakshith,72,Up,140568484
rakshith,44,Down,140570187
rakshith,44,Up,140570265
rakshith,32,Down,140570390
rakshith,32,Up,140570453
rakshith,80,Down,140570593
rakshith,80,Up,140570687
rakshith,76,Down,140570750
rakshith,76,Up,140570828
rakshith,69,Down,140570875
rakshith,69,Up,140570968
rakshith,65,Down,140571125
rakshith,65,Up,140571296
rakshith,83,Down,140571328
rakshith,83,Up,140571390
rakshith,69,Down,140571531
rakshith,69,Up,140571609
rakshith,32,Down,140571703
rakshith,32,Up,140571765
rakshith,84,Down,140571843
rakshith,84,Up,140571921
rakshith,73,Down,140572531
rakshith,73,Up,140572578
rakshith,8,Down,140573218
rakshith,8,Up,140573312
rakshith,79,Down,140573500
rakshith,79,Up,140573578
rakshith,32,Down,140573718
rakshith,32,Up,140573812
rakshith,77,Down,140573921
rakshith,77,Up,140574000
rakshith,69,Down,140574062
rakshith,69,Up,140574156
rakshith,69,Down,140574281
rakshith,69,Up,140574328
rakshith,84,Down,140574812
rakshith,84,Up,140574906
rakshith,32,Down,140574968
rakshith,32,Up,140575062
rakshith,89,Down,140575453
rakshith,89,Up,140575531
rakshith,79,Down,140575640
rakshith,79,Up,140575750
rakshith,85,Down,140575812
rakshith,85,Up,140575890
rakshith,13,Down,140576078
rakshith,13,Up,140576156
rakshith,27,Down,140577703
urvi,13,Up,140628390
urvi,85,Down,140629421
urvi,85,Up,140629531
urvi,82,Down,140629562
urvi,82,Up,140629640
urvi,86,Down,140629796
urvi,86,Up,140629859
urvi,73,Down,140629906
urvi,73,Up,140629984
urvi,32,Down,140630250
urvi,32,Up,140630375
urvi,83,Down,140630421
urvi,83,Up,140630515
urvi,72,Down,140630531
urvi,72,Up,140630640
urvi,69,Down,140630703
urvi,69,Up,140630781
urvi,84,Down,140630796
urvi,84,Up,140630859
urvi,72,Down,140631000
urvi,72,Up,140631062
urvi,32,Down,140631328
urvi,32,Up,140631437
urvi,73,Down,140631890
urvi,73,Up,140632015
urvi,83,Down,140632031
urvi,83,Up,140632140
urvi,32,Down,140632171
urvi,32,Up,140632265
urvi,72,Down,140632359
urvi,72,Up,140632437
urvi,69,Down,140632453
urvi,69,Up,140632578
urvi,82,Down,140632593
urvi,82,Up,140632687
urvi,69,Down,140632718
urvi,32,Down,140632843
urvi,69,Up,140632859
urvi,32,Up,140632937
urvi,84,Down,140633031
urvi,84,Up,140633093
urvi,79,Down,140633140
urvi,79,Up,140633218
urvi,32,Down,140633343
urvi,32,Up,140633421
urvi,72,Down,140633531
urvi,72,Up,140633625
urvi,69,Down,140633734
urvi,69,Up,140633828
urvi,75,Down,140634250
urvi,75,Up,140634359
urvi,79,Down,140634437
urvi,79,Up,140634531
urvi,32,Down,140634734
urvi,32,Up,140634812
urvi,89,Down,140635296
urvi,79,Down,140635390
urvi,89,Up,140635390
urvi,79,Up,140635500
urvi,85,Down,140635562
urvi,85,Up,140635656
urvi,32,Down,140636140
urvi,32,Up,140636265
urvi,13,Down,140636937
urvi,13,Up,140637015
urvi,49,Down,140639718
urvi,49,Up,140639828
urvi,57,Down,140639859
urvi,57,Up,140639953
urvi,52,Down,140640109
urvi,52,Up,140640187
urvi,55,Down,140640234
urvi,55,Up,140640265
urvi,51,Down,140640375
urvi,50,Down,140640390
urvi,56,Down,140640500
urvi,51,Up,140640515
urvi,50,Up,140640546
urvi,53,Down,140640546
urvi,53,Up,140640625
urvi,50,Down,140640640
urvi,56,Up,140640640
urvi,51,Down,140640671
urvi,48,Down,140640671
urvi,55,Down,140640703
urvi,48,Up,140640812
urvi,51,Up,140640812
urvi,55,Up,140640843
urvi,50,Up,140641000
urvi,56,Down,140641046
urvi,50,Down,140641093
urvi,52,Down,140641187
urvi,56,Up,140641187
urvi,51,Down,140641187
urvi,51,Up,140641265
urvi,51,Down,140641281
urvi,52,Up,140641281
urvi,51,Up,140641312
urvi,53,Down,140641312
urvi,56,Down,140641312
urvi,50,Up,140641312
urvi,51,Down,140641375
urvi,53,Up,140641390
urvi,52,Down,140641390
urvi,52,Up,140641562
urvi,53,Down,140641578
urvi,56,Up,140641593
urvi,55,Down,140641593
urvi,53,Up,140641625
urvi,48,Down,140641640
urvi,55,Up,140641656
urvi,52,Down,140641687
urvi,56,Down,140641703
urvi,48,Up,140641734
urvi,56,Up,140641781
urvi,52,Up,140641828
urvi,55,Down,140641828
urvi,48,Down,140641828
urvi,51,Up,140641828
urvi,53,Down,140641828
urvi,55,Up,140641875
urvi,56,Down,140641890
urvi,53,Up,140641906
urvi,51,Down,140641906
urvi,56,Up,140641937
urvi,52,Down,140641937
urvi,55,Down,140641953
urvi,48,Up,140642078
urvi,52,Up,140642078
urvi,51,Up,140642109
urvi,53,Down,140642109
urvi,56,Down,140642109
urvi,49,Down,140642125
urvi,53,Up,140642125
urvi,56,Up,140642140
urvi,51,Down,140642187
urvi,48,Down,140642218
urvi,52,Down,140642218
urvi,55,Up,140642234
urvi,52,Up,140642328
urvi,51,Up,140642343
urvi,53,Down,140642343
urvi,53,Up,140642390
urvi,51,Down,140642390
urvi,52,Down,140642406
urvi,56,Down,140642406
urvi,49,Up,140642437
urvi,48,Up,140642453
urvi,51,Up,140642484
urvi,56,Up,140642515
urvi,52,Up,140642546
urvi,48,Down,140642562
urvi,53,Down,140642578
urvi,56,Down,140642578
urvi,48,Up,140642609
urvi,56,Up,140642703
urvi,53,Up,140642750
urvi,27,Down,140643312
aditya,13,Up,140911468
aditya,67,Down,140913265
aditya,74,Down,140913328
aditya,79,Down,140913343
aditya,65,Down,140913359
aditya,83,Down,140913375
aditya,67,Up,140913390
aditya,80,Down,140913421
aditya,68,Down,140913437
aditya,74,Up,140913468
aditya,79,Up,140913484
aditya,74,Down,140913500
aditya,65,Up,140913531
aditya,68,Up,140913546
aditya,80,Up,140913546
aditya,83,Up,140913578
aditya,74,Up,140913609
aditya,66,Down,140913625
aditya,70,Down,140913625
aditya,86,Down,140913625
aditya,80,Down,140913625
aditya,86,Up,140913640
aditya,70,Up,140913640
aditya,73,Down,140913656
aditya,81,Down,140913671
aditya,66,Up,140913687
aditya,87,Down,140913687
aditya,72,Down,140913687
aditya,80,Up,140913703
aditya,81,Up,140913734
aditya,82,Down,140913734
aditya,72,Up,140913812
aditya,87,Up,140913828
aditya,73,Up,140913843
aditya,82,Up,140913859
aditya,80,Down,140913875
aditya,71,Down,140913875
aditya,73,Down,140913890
aditya,71,Up,140913906
aditya,73,Up,140913921
aditya,83,Down,140913984
aditya,68,Down,140914031
aditya,86,Down,140914046
aditya,74,Down,140914062
aditya,80,Up,140914093
aditya,83,Up,140914109
aditya,68,Up,140914125
aditya,86,Up,140914156
aditya,74,Up,140914171
aditya,78,Down,140914203
aditya,83,Down,140914218
aditya,68,Down,140914265
aditya,75,Down,140914281
aditya,86,Down,140914296
aditya,68,Up,140914359
aditya,83,Up,140914375
aditya,75,Up,140914390
aditya,0,Down,140914421
aditya,86,Up,140914453
aditya,76,Down,140914453
aditya,78,Up,140914468
aditya,0,Up,140914515
aditya,65,Down,140914546
aditya,0,Down,140914546
aditya,86,Down,140914562
aditya,77,Down,140914578
aditya,65,Up,140914640
aditya,77,Up,140914703
aditya,76,Up,140914718
aditya,78,Down,140914718
aditya,0,Up,140914734
aditya,86,Up,140914750
aditya,83,Down,140914781
aditya,78,Up,140914781
aditya,68,Down,140914796
aditya,86,Down,140914812
aditya,75,Down,140914812
aditya,75,Up,140914843
aditya,68,Up,140914875
aditya,66,Down,140914875
aditya,80,Down,140914890
aditya,83,Up,140914890
aditya,83,Down,140914906
aditya,86,Up,140914953
aditya,73,Down,140914968
aditya,66,Up,140914968
aditya,74,Down,140915000
aditya,80,Up,140915015
aditya,66,Down,140915046
aditya,74,Up,140915062
aditya,71,Down,140915078
aditya,83,Up,140915078
aditya,73,Up,140915109
aditya,80,Down,140915109
aditya,86,Down,140915140
aditya,86,Up,140915156
aditya,9,Down,140915187
aditya,74,Down,140915187
aditya,66,Up,140915203
aditya,71,Up,140915218
aditya,66,Down,140915250
aditya,87,Down,140915250
aditya,80,Up,140915265
aditya,74,Up,140915312
aditya,9,Up,140915359
aditya,66,Up,140915437
aditya,71,Down,140915437
aditya,87,Up,140915453
aditya,73,Down,140915453
aditya,74,Down,140915453
aditya,9,Down,140915453
aditya,71,Up,140915484
aditya,82,Down,140915562
aditya,87,Down,140915562
aditya,74,Up,140915578
aditya,72,Down,140915609
aditya,73,Up,140915640
aditya,82,Up,140915718
aditya,84,Down,140915734
aditya,87,Up,140915750
aditya,85,Down,140915750
aditya,9,Up,140915765
aditya,72,Up,140915765
aditya,84,Up,140915781
aditya,85,Up,140915859
aditya,65,Down,140915968
aditya,74,Down,140915968
aditya,79,Down,140915968
aditya,70,Down,140916015
aditya,74,Up,140916093
aditya,78,Down,140916109
aditya,80,Down,140916109
aditya,78,Up,140916171
aditya,65,Up,140916203
aditya,70,Up,140916218
aditya,65,Down,140916218
aditya,74,Down,140916234
aditya,83,Down,140916296
aditya,80,Up,140916312
aditya,68,Down,140916312
aditya,65,Up,140916343
aditya,86,Down,140916359
aditya,74,Up,140916375
aditya,79,Up,140916375
aditya,68,Up,140916390
aditya,78,Down,140916390
aditya,80,Down,140916421
aditya,83,Up,140916421
aditya,86,Up,140916437
aditya,74,Down,140916453
aditya,80,Up,140916468
aditya,86,Down,140916546
aditya,68,Down,140916578
aditya,83,Down,140916578
aditya,74,Up,140916578
aditya,83,Up,140916609
aditya,68,Up,140916640
aditya,86,Up,140916687
aditya,75,Down,140916703
aditya,78,Up,140916703
aditya,86,Down,140916812
aditya,75,Up,140916812
aditya,78,Down,140916828
aditya,0,Down,140916859
aditya,86,Up,140916890
aditya,79,Down,140916937
aditya,78,Up,140916953
aditya,0,Up,140917015
aditya,71,Down,140917031
aditya,83,Down,140917031
aditya,74,Down,140917031
aditya,69,Down,140917031
aditya,69,Up,140917046
aditya,83,Up,140917078
aditya,74,Up,140917093
aditya,72,Down,140917109
aditya,80,Down,140917125
aditya,71,Up,140917156
aditya,78,Down,140917156
aditya,78,Up,140917171
aditya,72,Up,140917187
aditya,74,Down,140917203
aditya,80,Up,140917203
aditya,71,Down,140917250
aditya,69,Down,140917265
aditya,79,Up,140917281
aditya,69,Up,140917296
aditya,78,Down,140917296
aditya,74,Up,140917328
aditya,0,Down,140917359
aditya,71,Up,140917375
aditya,75,Down,140917421
aditya,78,Up,140917421
aditya,83,Down,140917453
aditya,74,Down,140917453
aditya,75,Up,140917468
aditya,74,Up,140917468
aditya,71,Down,140917500
aditya,83,Up,140917500
aditya,78,Down,140917515
aditya,86,Down,140917531
aditya,59,Down,140917546
aditya,86,Up,140917562
aditya,78,Up,140917578
aditya,71,Up,140917609
aditya,74,Down,140917609
aditya,79,Down,140917609
aditya,74,Up,140917625
aditya,83,Down,140917640
aditya,78,Down,140917640
aditya,0,Up,140917656
aditya,71,Down,140917656
aditya,59,Up,140917671
aditya,83,Up,140917718
aditya,74,Down,140917734
aditya,69,Down,140917734
aditya,71,Up,140917734
aditya,87,Down,140917734
aditya,78,Up,140917750
aditya,69,Up,140917781
aditya,87,Up,140917796
aditya,79,Up,140917812
aditya,74,Up,140917828
aditya,27,Down,140918296
urvi,13,Up,181820281
urvi,84,Down,181821375
urvi,84,Up,181821468
urvi,69,Down,181821578
urvi,69,Up,181821687
urvi,83,Down,181821812
urvi,83,Up,181821921
urvi,84,Down,181822015
urvi,84,Up,181822109
urvi,73,Down,181822937
urvi,73,Up,181823046
urvi,78,Down,181823156
urvi,78,Up,181823265
urvi,71,Down,181823312
urvi,71,Up,181823421
urvi,49,Down,181823812
urvi,49,Up,181823968
urvi,50,Down,181824046
urvi,50,Up,181824171
urvi,51,Down,181824265
urvi,51,Up,181824375
urvi,27,Down,181825937
urvi,13,Up,182086843
urvi,84,Down,182088140
urvi,84,Up,182088218
urvi,69,Down,182090078
urvi,69,Up,182090187
urvi,83,Down,182090296
urvi,83,Up,182090359
urvi,84,Down,182090468
urvi,84,Up,182090562
urvi,73,Down,182091062
urvi,73,Up,182091171
urvi,78,Down,182091265
urvi,78,Up,182091359
urvi,71,Down,182091406
urvi,71,Up,182091500
urvi,27,Down,182092156
megha,13,Up,182325000
megha,72,Down,182326140
megha,72,Up,182326234
megha,69,Down,182326359
megha,69,Up,182326453
megha,76,Down,182326875
megha,76,Up,182327000
megha,76,Down,182327093
megha,76,Up,182327187
megha,79,Down,182327375
megha,79,Up,182327468
megha,32,Down,182347937
megha,32,Up,182348062
megha,73,Down,182348109
megha,73,Up,182348234
megha,32,Down,182348812
megha,32,Up,182348906
megha,65,Down,182348937
megha,65,Up,182349015
megha,77,Down,182349062
megha,77,Up,182349171
megha,32,Down,182349359
megha,32,Up,182349437
megha,77,Down,182350390
megha,77,Up,182350515
megha,69,Down,182350656
megha,69,Up,182350750
megha,71,Down,182350828
megha,71,Up,182350921
megha,72,Down,182351015
megha,72,Up,182351125
megha,65,Down,182351156
megha,65,Up,182351265
megha,27,Down,182358468
megha,13,Up,182574062
megha,72,Down,182576843
megha,72,Up,182576984
megha,69,Down,182577671
megha,69,Up,182577812
megha,76,Down,182579109
megha,76,Up,182579171
megha,76,Down,182579234
megha,76,Up,182579375
megha,79,Down,182579890
megha,79,Up,182580015
megha,13,Down,182580765
megha,13,Up,182580906
megha,27,Down,182582562
urvi,13,Up,184991390
urvi,84,Down,184994765
urvi,84,Up,184994875
urvi,69,Down,184995453
urvi,69,Up,184995562
urvi,83,Down,184995687
urvi,83,Up,184995781
urvi,84,Down,184995859
urvi,84,Up,184995953
urvi,73,Down,184996296
urvi,73,Up,184996421
urvi,77,Down,184996578
urvi,77,Up,184996609
urvi,71,Down,184996921
urvi,71,Up,184997046
urvi,74,Down,184997484
urvi,68,Down,184997562
urvi,74,Up,184997640
urvi,68,Up,184997687
urvi,78,Down,184997687
urvi,78,Up,184997734
urvi,74,Down,184997734
urvi,83,Down,184997765
urvi,68,Down,184997796
urvi,74,Up,184997843
urvi,78,Down,184997859
urvi,83,Up,184997906
urvi,68,Up,184997953
urvi,78,Up,184997953
urvi,74,Down,184998593
urvi,83,Down,184998609
urvi,65,Down,184998687
urvi,68,Down,184998687
urvi,74,Up,184998734
urvi,65,Up,184998750
urvi,78,Down,184998750
urvi,78,Up,184998796
urvi,70,Down,184998812
urvi,68,Up,184998890
urvi,74,Down,184998890
urvi,83,Up,184998921
urvi,70,Up,184999000
urvi,83,Down,184999062
urvi,70,Down,184999171
urvi,83,Up,184999218
urvi,74,Up,184999328
urvi,70,Up,184999343
urvi,74,Down,185000859
urvi,74,Up,185000968
urvi,83,Down,185001000
urvi,74,Down,185001093
urvi,70,Down,185001109
urvi,83,Up,185001187
urvi,74,Up,185001218
urvi,70,Up,185001296
urvi,83,Down,185001296
urvi,65,Down,185001312
urvi,74,Down,185001312
urvi,68,Down,185001359
urvi,65,Up,185001390
urvi,70,Down,185001390
urvi,83,Up,185001406
urvi,74,Up,185001421
urvi,70,Up,185001468
urvi,74,Down,185001515
urvi,68,Up,185001578
urvi,70,Down,185001578
urvi,74,Up,185001593
urvi,68,Down,185001593
urvi,68,Up,185001593
urvi,68,Down,185001593
urvi,70,Up,185001640
urvi,74,Down,185001656
urvi,68,Up,185001718
urvi,74,Up,185001734
urvi,27,Down,185038265
urvi,13,Up,186507953
urvi,65,Down,186511125
urvi,65,Up,186511203
urvi,27,Down,186523468
urvi,13,Up,1651171
urvi,65,Down,1654421
urvi,65,Up,1654546
urvi,0,Down,1657640
urvi,0,Up,1657765
urvi,65,Down,1658125
urvi,65,Up,1658250
urvi,0,Down,1662000
urvi,0,Up,1662109
urvi,65,Down,1662343
urvi,65,Up,1662437
urvi,27,Down,1667859
urvi,13,Up,2282328
urvi,65,Down,2285187
urvi,65,Up,2285312
urvi,27,Down,2289203
urvi,13,Up,4076812
urvi,84,Down,4077859
urvi,84,Up,4077937
urvi,69,Down,4078015
urvi,69,Up,4078109
urvi,83,Down,4078234
urvi,83,Up,4078312
urvi,84,Down,4078375
urvi,84,Up,4078453
urvi,73,Down,4078640
urvi,73,Up,4078734
urvi,78,Down,4078859
urvi,78,Up,4078953
urvi,71,Down,4079046
urvi,71,Up,4079156
urvi,27,Down,4079671
rakshith,13,Up,12207000
rakshith,100,Down,12209765
rakshith,100,Up,12209859
rakshith,97,Down,12209921
rakshith,97,Up,12210031
rakshith,116,Down,12210125
rakshith,116,Up,12210234
rakshith,97,Down,12210234
rakshith,97,Up,12210359
rakshith,27,Down,12213125
rakshith,13,Up,12309500
rakshith,100,Down,12311296
rakshith,100,Up,12311406
rakshith,97,Down,12311437
rakshith,97,Up,12311531
rakshith,116,Down,12311609
rakshith,116,Up,12311703
rakshith,97,Down,12311718
rakshith,97,Up,12311828
rakshith,27,Down,12317562


rakshith,13,Up,13057484
rakshith,49,Down,13058843
rakshith,49,Up,13058921
rakshith,50,Down,13059156
rakshith,50,Up,13059250
rakshith,51,Down,13059500
rakshith,51,Up,13059578
rakshith,52,Down,13060046
rakshith,52,Up,13060156
rakshith,53,Down,13060359
rakshith,53,Up,13060453
rakshith,54,Down,13060625
rakshith,54,Up,13060687
rakshith,55,Down,13060890
rakshith,55,Up,13060968
rakshith,56,Down,13061171
rakshith,56,Up,13061265
rakshith,57,Down,13061468
rakshith,57,Up,13061531
rakshith,27,Down,13063265
rakshith,13,Up,23866734
rakshith,98,Down,23868015
rakshith,98,Up,23868093
rakshith,105,Down,23868734
rakshith,105,Up,23868812
rakshith,111,Down,23869390
rakshith,111,Up,23869468
rakshith,109,Down,23870484
rakshith,109,Up,23870562
rakshith,101,Down,23871000
rakshith,101,Up,23871062
rakshith,114,Down,23871921
rakshith,114,Up,23872000
rakshith,13,Down,23876625
rakshith,13,Up,23876656
rakshith,27,Down,23877531
rakshith,13,Up,23883437
rakshith,98,Down,23884687
rakshith,98,Up,23884765
rakshith,105,Down,23884968
rakshith,105,Up,23885078
rakshith,111,Down,23885218
rakshith,111,Up,23885328
rakshith,109,Down,23885593
rakshith,109,Up,23885687
rakshith,101,Down,23885859
rakshith,101,Up,23885937
rakshith,116,Down,23886406
rakshith,116,Up,23886500
rakshith,114,Down,23887093
rakshith,114,Up,23887171
rakshith,105,Down,23887500
rakshith,105,Up,23887609
rakshith,99,Down,23887859
rakshith,99,Up,23887953
rakshith,115,Down,23888203
rakshith,115,Up,23888265
rakshith,0,Down,23895921
rakshith,0,Up,23896015
rakshith,67,Down,23897437
rakshith,67,Up,23897531
rakshith,83,Down,23898140
rakshith,83,Up,23898234
rakshith,53,Down,23908031
rakshith,53,Up,23908125
rakshith,53,Down,23908750
rakshith,53,Up,23908843
rakshith,57,Down,23909343
rakshith,57,Up,23909437
rakshith,13,Down,23914312
rakshith,13,Up,23914390
rakshith,27,Down,23915953
rakshith,13,Up,23933390
rakshith,98,Down,23935312
rakshith,98,Up,23935406
rakshith,105,Down,23935562
rakshith,105,Up,23935671
rakshith,111,Down,23936062
rakshith,111,Up,23936171
rakshith,109,Down,23936890
rakshith,109,Up,23936968
rakshith,101,Down,23938125
rakshith,101,Up,23938187
rakshith,116,Down,23938875
rakshith,116,Up,23938984
rakshith,114,Down,23939812
rakshith,114,Up,23939890
rakshith,105,Down,23940203
rakshith,105,Up,23940343
rakshith,99,Down,23940687
rakshith,99,Up,23940765
rakshith,115,Down,23941093
rakshith,115,Up,23941203
rakshith,45,Down,23942250
rakshith,45,Up,23942359
rakshith,0,Down,23943625
rakshith,0,Up,23943703
rakshith,67,Down,23944171
rakshith,67,Up,23944296
rakshith,83,Down,23944453
rakshith,83,Up,23944531
rakshith,45,Down,23945156
rakshith,45,Up,23945281
rakshith,53,Down,23948046
rakshith,53,Up,23948140
rakshith,53,Down,23948265
rakshith,53,Up,23948375
rakshith,57,Down,23948875
rakshith,57,Up,23948968
rakshith,13,Down,23951109
rakshith,13,Up,23951187
rakshith,27,Down,23952390
